day,weekday
1,Monday
2,Tuesday
3,Wednesday
4,Thursday
5,Friday
6,Saturday
7,Sunday
8,Monday
9,Tuesday
10,Wednesday
11,Thursday
12,Friday
13,Saturday
14,Sunday
15,Monday
16,Tuesday
17,Wednesday
18,Thursday
19,Friday
20,Saturday
21,Sunday
22,Monday
23,Tuesday
24,Wednesday
25,Thursday
26,Friday
27,Saturday
28,Sunday
29,Monday
30,Tuesday
31,Wednesday
32,Thursday
33,Friday
34,Saturday
35,Sunday
36,Monday
37,Tuesday
38,Wednesday
39,Thursday
40,Friday
41,Saturday
42,Sunday
43,Monday
44,Tuesday
45,Wednesday
46,Thursday
47,Friday
48,Saturday
49,Sunday
50,Monday
51,Tuesday
52,Wednesday
53,Thursday
54,Friday
55,Saturday
56,Sunday
57,Monday
58,Tuesday
59,Wednesday
60,Thursday
61,Friday
62,Saturday
63,Sunday
64,Monday
65,Tuesday
66,Wednesday
67,Thursday
68,Friday
69,Saturday
70,Sunday
71,Monday
72,Tuesday
73,Wednesday
74,Thursday
75,Friday
76,Saturday
77,Sunday
78,Monday
79,Tuesday
80,Wednesday
81,Thursday
82,Friday
83,Saturday
84,Sunday
85,Monday
86,Tuesday
87,Wednesday
88,Thursday
89,Friday
90,Saturday
91,Sunday
92,Monday
93,Tuesday
94,Wednesday
95,Thursday
96,Friday
97,Saturday
98,Sunday
99,Monday
100,Tuesday
101,Wednesday
102,Thursday
103,Friday
104,Saturday
105,Sunday
106,Monday
107,Tuesday
108,Wednesday
109,Thursday
110,Friday
111,Saturday
112,Sunday
113,Monday
114,Tuesday
115,Wednesday
116,Thursday
117,Friday
118,Saturday
119,Sunday
120,Monday
121,Tuesday
122,Wednesday
123,Thursday
124,Friday
125,Saturday
126,Sunday
127,Monday
128,Tuesday
129,Wednesday
130,Thursday
131,Friday
132,Saturday
133,Sunday
134,Monday
135,Tuesday
136,Wednesday
137,Thursday
138,Friday
139,Saturday
140,Sunday
141,Monday
142,Tuesday
143,Wednesday
144,Thursday
145,Friday
146,Saturday
147,Sunday
148,Monday
149,Tuesday
150,Wednesday
151,Thursday
152,Friday
153,Saturday
154,Sunday
155,Monday
156,Tuesday
157,Wednesday
158,Thursday
159,Friday
160,Saturday
161,Sunday
162,Monday
163,Tuesday
164,Wednesday
165,Thursday
166,Friday
167,Saturday
168,Sunday